{"schemaVersion":"1.0","appDefinitionTemplate":{"id":"/providers/Microsoft.PowerApps/apps/","type":"Microsoft.PowerApps/apps","tags":{"primaryDeviceWidth":"2100","primaryDeviceHeight":"900","supportsPortrait":"true","supportsLandscape":"true","primaryFormFactor":"Tablet","showStatusBar":"false","publisherVersion":"3.24051.23","minimumRequiredApiVersion":"2.2.0","hasComponent":"false","hasUnlockedComponent":"false","isUnifiedRootApp":"false","sienaVersion":"20240523T081133Z-3.24051.23.0"},"properties":{"appVersion":"2024-05-23T08:11:33Z","lifeCycleId":"Published","createdByClientVersion":{"major":3,"minor":24051,"build":23,"revision":0,"majorRevision":0,"minorRevision":0},"minClientVersion":{"major":3,"minor":24051,"build":23,"revision":0,"majorRevision":0,"minorRevision":0},"backgroundColor":"RGBA(0,176,240,1)","backgroundImageUri":"/9609519709384998429/N639b4e69-feef-4791-af26-01761165cb57-logoSmallFile","displayName":"Work Management System - copy","description":"","commitMessage":"","appUris":{"documentUri":{"value":"/9609519709384998429/Nd9f6964a-600c-4d88-8047-61a18a3e1679-document.msapp"},"imageUris":[],"additionalUris":[{"isSolutionAware":false,"value":"/9609519709384998429/N57c491d8-7d04-4549-a21b-777528347abe-identity.json"}]},"createdTime":"0001-01-01T00:00:00Z","lastModifiedTime":"0001-01-01T00:00:00Z","sharedGroupsCount":0,"sharedUsersCount":0,"connectionReferences":{"3d1fae5b-f7fc-4195-8c8f-ea974c9d5520":{"id":"80776bea-6580-45e5-9e72-ed169f938f80","displayName":"SharePoint","iconUri":"https://connectoricons-prod.azureedge.net/releases/v1.0.1685/1.0.1685.3700/sharepointonline/icon.png","dataSources":["Documents","Signature","Work Management System","After Image"],"dependencies":[],"dependents":[],"parameterHints":{},"parameterHintsV2":{},"isOnPremiseConnection":false,"bypassConsent":false,"dataSets":{"https://alankaeon789.sharepoint.com/sites/WorkManagementConcepto":{"dataSources":{"Documents":{"tableName":"3d0ec8ec-5f5a-49bd-a922-cd99491835f7"},"Signature":{"tableName":"c8e39b03-fb6a-4016-9002-f3ec5922cd5f"},"Work Management System":{"tableName":"114497a9-ceec-4933-b9d8-fe893b076d61"},"After Image":{"tableName":"7c55371a-f4a0-425e-871f-1148fd7294f1"}}}},"apiTier":"Standard","isCustomApiConnection":false,"actions":["providers/PowerPlatform.Governance/Operations/Read","providers/PowerPlatform.Governance/Operations/Write","providers/PowerPlatform.Governance/Operations/Delete"]}},"databaseReferences":{},"almMode":"Environment","performanceOptimizationEnabled":false,"canConsumeAppPass":false,"enableModernRuntimeMode":false,"executionRestrictions":{"isTeamsOnly":false,"dataLossPreventionEvaluationResult":{"status":"Compliant","lastEvaluationDate":"2024-05-20T13:07:26.8840219Z","violations":[],"violationsByPolicy":[],"violationErrorMessage":"The app uses the following connectors: shared_sharepointonline, shared_logicflows, shared_wordonlinebusiness, shared_office365."},"httpActionRestriction":{"appUsesSharepointHttpAction":false,"enforcementStrategy":"Legacy","evaluationTime":"2024-05-20T13:07:26.8837544Z"}}},"appType":"ClassicCanvasApp","appComponents":[]}}