{"schemaVersion":"1.0","appDefinitionTemplate":{"id":"/providers/Microsoft.PowerApps/apps/","type":"Microsoft.PowerApps/apps","tags":{"primaryDeviceWidth":"640","primaryDeviceHeight":"1136","supportsPortrait":"true","supportsLandscape":"true","primaryFormFactor":"Phone","showStatusBar":"false","publisherVersion":"3.24052.29","minimumRequiredApiVersion":"2.2.0","hasComponent":"false","hasUnlockedComponent":"false","isUnifiedRootApp":"false","sienaVersion":"20240531T132058Z-3.24052.29.0"},"properties":{"appVersion":"2024-05-31T13:20:58Z","lifeCycleId":"Published","createdByClientVersion":{"major":3,"minor":24052,"build":29,"revision":0,"majorRevision":0,"minorRevision":0},"minClientVersion":{"major":3,"minor":24052,"build":29,"revision":0,"majorRevision":0,"minorRevision":0},"backgroundColor":"RGBA(0,176,240,1)","backgroundImageUri":"/3708600270191716549/N899d2de1-7b81-4efd-b9ce-fee39d445f3a-logoSmallFile","displayName":"Work Management Mobil App - copy","description":"","commitMessage":"","appUris":{"documentUri":{"value":"/3708600270191716549/N762a7b26-ba25-4784-bb3a-62e9bf7d82d2-document.msapp"},"imageUris":[],"additionalUris":[{"isSolutionAware":false,"value":"/3708600270191716549/N01335208-fec7-4845-86cb-813c590ec71b-identity.json"}]},"createdTime":"0001-01-01T00:00:00Z","lastModifiedTime":"0001-01-01T00:00:00Z","sharedGroupsCount":0,"sharedUsersCount":0,"connectionReferences":{"6cecc7ba-2db6-4831-8682-89bef6ee7497":{"id":"a59239cf-71e1-494c-9564-2ac551976a11","displayName":"SharePoint","iconUri":"https://connectoricons-prod.azureedge.net/releases/v1.0.1685/1.0.1685.3700/sharepointonline/icon.png","dataSources":["After Image","Documents","Signature","Work Management System"],"dependencies":[],"dependents":[],"parameterHints":{},"parameterHintsV2":{},"isOnPremiseConnection":false,"bypassConsent":false,"dataSets":{"https://conceptosolutions.sharepoint.com/sites/WorkManagementSystem":{"dataSources":{"After Image":{"tableName":"4feb3b18-f381-489e-b04d-da094e33d814"},"Documents":{"tableName":"245d54b4-7686-4eff-92b5-e192e105ce96"},"Signature":{"tableName":"0c652fd7-4449-4bc6-a5e8-7aefd4770231"},"Work Management System":{"tableName":"1c2a610a-ca2d-4085-bd3d-8e12c58d8063"}}}},"apiTier":"Standard","isCustomApiConnection":false,"actions":["providers/PowerPlatform.Governance/Operations/Read","providers/PowerPlatform.Governance/Operations/Write"]},"b483a65c-384b-418d-8dd6-d968a2d7ef67":{"id":"352a6c3f-360d-4454-8ec4-3b5315a11dfc","displayName":"Office 365 Users","iconUri":"https://connectoricons-prod.azureedge.net/releases/v1.0.1686/1.0.1686.3706/office365users/icon.png","dataSources":["Office365Users"],"dependencies":[],"dependents":[],"parameterHints":{},"parameterHintsV2":{},"isOnPremiseConnection":false,"bypassConsent":false,"dataSets":{},"apiTier":"Standard","isCustomApiConnection":false},"ad11c6ff-acd6-43db-a1d9-17a7ce549dd5":{"id":"d62ffebb-5a1b-4dab-924d-cbc83de91538","displayName":"Office 365 Groups","iconUri":"https://connectoricons-prod.azureedge.net/releases/v1.0.1681/1.0.1681.3663/office365groups/icon.png","dataSources":["Office365Groups"],"dependencies":[],"dependents":[],"parameterHints":{},"parameterHintsV2":{},"isOnPremiseConnection":false,"bypassConsent":false,"dataSets":{},"apiTier":"Standard","isCustomApiConnection":false},"475c0cb2-204c-4e7e-a811-054c5616db45":{"id":"b07207ba-21bd-4df7-95b6-272145f1cb7f","displayName":"Spatial Services","iconUri":"https://connectoricons-prod.azureedge.net/releases/v1.0.1675/1.0.1675.3608/microsoftspatialservices/icon.png","dataSources":["SpatialServices"],"dependencies":[],"dependents":[],"parameterHints":{},"parameterHintsV2":{},"isOnPremiseConnection":false,"bypassConsent":false,"dataSets":{},"apiTier":"Premium","isCustomApiConnection":false}},"databaseReferences":{},"almMode":"Environment","performanceOptimizationEnabled":false,"canConsumeAppPass":false,"enableModernRuntimeMode":false,"executionRestrictions":{"isTeamsOnly":false,"dataLossPreventionEvaluationResult":{"status":"Compliant","lastEvaluationDate":"2024-05-31T13:12:55.5626953Z","violations":[],"violationsByPolicy":[],"violationErrorMessage":"The app uses the following connectors: shared_sharepointonline, shared_bingmaps, shared_logicflows, shared_wordonlinebusiness, shared_office365, shared_office365users, shared_office365groups, shared_microsoftspatialservices."},"httpActionRestriction":{"appUsesSharepointHttpAction":false,"enforcementStrategy":"Legacy","evaluationTime":"2024-05-31T13:12:55.5623299Z"}}},"appType":"ClassicCanvasApp","appComponents":[]}}